gyro_raw_y,gyro_raw_x,gyro_raw_z,pressure,compass_raw_z,compass_raw_y,compass_raw_x,temp,accel_row_z,accel_row_y,accel_row_x,time,velocity,displacement
0.001139598,0.019498967,0.007666955,1012.628662,2.264195442,-25.86873055,-18.65163422,35.20193481,0.974299967,-0.019298071,0.022547469,1631164887.0,0.0,0.0
0.000202389,0.012135364,0.00813753,1012.633057,2.805259228,-38.76583099,-28.33900833,35.20193481,0.97381264,-0.020504201,0.0237597,1631164887.0,0.0,0.0
0.002254582,0.014206655,0.008344445,1012.628906,3.026926517,-45.67494202,-33.18541336,35.16522217,0.972837806,-0.021469103,0.022789916,1631164887.0,0.0,0.0
0.000951533,0.013507627,0.006769674,1012.629395,3.910430431,-48.87731171,-35.62296295,35.16522217,0.972837806,-0.020262975,0.022062579,1631164887.0,0.0,0.0
0.001475014,0.013123445,0.007009329,1012.633301,4.496857166,-50.54515457,-36.83429337,35.16522217,0.974787354,-0.020745426,0.023517253,1631164887.0,0.0,0.0
0.002282766,0.010715775,0.006646853,1012.632324,4.45156908,-51.55907059,-37.4312973,35.16522217,0.973081529,-0.019539297,0.022789916,1631164887.0,0.0,0.0
0.000683237,0.009548843,0.007228481,1012.630859,4.281221867,-51.97487259,-37.69538116,35.18357849,0.97381264,-0.02002175,0.023274807,1631164887.0,0.0,0.0
0.00335719,0.00967586,0.005404027,1012.627686,4.199938774,-52.25175476,-37.67836761,35.23865128,0.972594142,-0.020262975,0.022305025,1631164887.0,0.0,0.0
0.000553158,0.009806938,0.00515108,1012.629639,4.516200542,-52.47590637,-37.94099808,35.16522217,0.974299967,-0.020262975,0.023032364,1631164887.0,0.0,0.0
0.001992071,0.008414954,0.005491171,1012.637695,3.750145674,-52.70815277,-37.95102692,35.16522217,0.974056304,-0.020745426,0.020123012,1631164887.0,0.0,0.0
0.001532699,0.009183735,0.004608495,1012.631836,3.438342571,-52.80577469,-38.04254913,35.31208038,0.974543691,-0.02002175,0.022062579,1631164888.0,0.0003234483721377593,0.0003234483721377593
0.001196874,0.006671168,0.005291093,1012.631836,3.135371923,-52.77051163,-38.04546738,35.16522217,0.974787354,-0.020504201,0.02497193,1631164888.0,0.003821572799326509,0.004145021171464269
0.0002321,0.010769978,0.003261885,1012.626953,3.344820738,-52.63713074,-38.24334335,35.16522217,0.975274801,-0.019539297,0.022305025,1631164888.0,0.011269556733398396,0.015414577904862664
0.001997663,0.007012472,0.003986008,1012.624512,3.140203714,-53.04751968,-38.40925598,35.23865128,0.973568916,-0.01881562,0.022547469,1631164888.0,0.001911276266497331,0.017325854171359997
0.000131733,0.006694928,0.005014656,1012.619873,3.345657349,-52.79062653,-38.27776337,35.2570076,0.974056304,-0.019298071,0.022062579,1631164888.0,-0.0026858500503610487,0.014640004120998949
0.001626614,0.005741969,0.002989141,1012.616211,3.436922073,-52.80224991,-38.26882553,35.16522217,0.974299967,-0.018574392,0.023032364,1631164888.0,-0.004812419313071201,0.009827584807927748
0.000955211,0.008670926,0.0028359,1012.621338,3.518909693,-52.86940765,-38.23275375,35.18357849,0.975762188,-0.02002175,0.021577686,1631164888.0,0.007348542587115748,0.017176127395043497
0.001508622,0.002871066,0.002675284,1012.621582,3.510468245,-52.59592056,-38.16866684,35.23865128,0.976736963,-0.020745426,0.022305025,1631164888.0,0.02937262866192053,0.04654875605696403
0.001739344,0.006233335,0.003683709,1012.622559,3.893340588,-52.65599442,-37.91373062,35.14686203,0.97381264,-0.020504201,0.02133524,1631164888.0,0.02246980581248996,0.06901856186945399
0.001713082,0.004723527,0.001404118,1012.622803,3.753666401,-52.85089874,-37.86364746,35.2570076,0.973081529,-0.020504201,0.022305025,1631164888.0,0.008613700106501962,0.07763226197595595
0.001067675,0.006546274,0.00275618,1012.62085,3.278995991,-52.8995018,-37.93864059,35.29372406,0.975762188,-0.018574392,0.021820132,1631164888.0,0.020546919767073277,0.09817918174302923
-0.000451509,0.003583878,0.002939938,1012.624268,3.316093445,-52.55986023,-37.99221039,35.36715698,0.974056304,-0.019539297,0.024002146,1631164888.0,0.01644647545956098,0.11462565720259021
-0.000133957,0.002805777,0.003109794,1012.623291,3.081423759,-53.2389946,-37.94670105,35.36715698,0.97381264,-0.019298071,0.022789916,1631164888.0,0.009625089431916287,0.1242507466345065
0.000708479,0.002036303,0.003861394,1012.627441,3.34521389,-53.02864456,-37.93909836,35.18357849,0.974056304,-0.019539297,0.023274807,1631164888.0,0.0053516325041571815,0.12960237913866368
-0.000497646,0.003016181,0.003715208,1012.625977,3.424175262,-52.74938202,-37.86197662,35.18357849,0.976005912,-0.020986654,0.021820132,1631164889.0,0.03495467894296559,0.19951173702459485
0.000443235,0.004678622,0.002384996,1012.625977,3.483867407,-52.75793076,-37.94749451,35.29372406,0.977468073,-0.019539297,0.022547469,1631164889.0,0.09295717059925278,0.3854260782231004
0.000436063,0.003055535,0.004068889,1012.624756,3.760108232,-52.69114304,-37.91534805,35.20193481,0.974787354,-0.019539297,0.021092795,1631164889.0,0.09776809633377062,0.5809622708906417
9.93e-05,0.001777366,0.002731325,1012.622803,3.504330873,-52.54814148,-37.87065125,35.23865128,0.968694925,-0.016162137,0.029578403,1631164889.0,-0.0137306822003853,0.553500906489871
0.000679875,0.005193003,0.001089199,1012.628662,3.40727973,-52.54157257,-38.15537643,35.2570076,0.978442848,-0.02774098,0.028608618,1631164889.0,0.07037122486000799,0.6942433562098871
-0.000575132,0.00102593,0.002526855,1012.628418,3.575117826,-52.40277481,-38.42228317,35.36715698,0.974299967,-0.022192782,0.0237597,1631164889.0,0.06794446810509752,0.8301322924200821
-0.001222583,-0.001207441,0.001210392,1012.625732,4.104492664,-52.28056335,-38.12495041,35.27536774,0.974056304,-0.019780524,0.02545682,1631164889.0,0.060562990038277226,0.9512582724966365
0.000879899,0.004393503,0.001746105,1012.633057,3.744165659,-52.45472336,-38.23777771,35.33044052,0.974299967,-0.01881562,0.022547469,1631164889.0,0.056178237953488475,1.0636147484036136
0.000260573,0.002118848,0.00013811,1012.63501,3.566394567,-52.5423851,-38.19898224,35.33044052,0.974299967,-0.020262975,0.024729483,1631164889.0,0.053400318640191596,1.1704153856839967
0.000532983,0.001953401,0.001562608,1012.635986,3.666239977,-52.78494263,-38.0196228,35.22029114,0.976005912,-0.02002175,0.023517253,1631164889.0,0.08337870351123673,1.3371727927064703
-0.000114058,0.006931111,0.000589201,1012.63916,3.483416557,-52.55039597,-38.05515289,35.27536774,0.976249576,-0.020745426,0.020123012,1631164889.0,0.11694271322937709,1.5710582191652245
0.001663619,0.000126585,0.001441039,1012.638184,4.036850929,-52.35968018,-38.18593216,35.23865128,0.975031078,-0.019056847,0.024244592,1631164889.0,0.127781125542256,1.8266204702497366
0.000399877,0.001511715,0.001659887,1012.635498,3.853749752,-52.32027435,-38.03812027,35.12850571,0.974299967,-0.019780524,0.024729483,1631164889.0,0.12480885748726861,2.0762381852242737
0.001296006,0.003143266,0.001592651,1012.635986,4.030295849,-52.41139603,-38.19548798,35.23865128,0.975518465,-0.019780524,0.024002146,1631164890.0,0.15564551567932222,2.5431747322622402
0.001266659,0.001216516,0.000943288,1012.638184,3.341380596,-52.44051743,-38.19846725,35.2570076,0.97381264,-0.021951558,0.022305025,1631164890.0,0.13650378875593766,2.9526860985300534
0.000913486,0.004379332,0.001772357,1012.640625,3.249739408,-52.36206818,-38.30511475,35.18357849,0.972837806,-0.019298071,0.023274807,1631164890.0,0.08771113254804003,3.2158194961741735
-0.000622865,-0.001167811,0.001714686,1012.636719,3.642535925,-52.34287262,-38.26708221,35.14686203,0.972837806,-0.017850716,0.02497193,1631164890.0,0.0393433583730628,3.333849571293362
0.000639325,0.004461035,0.000433272,1012.632568,3.667858362,-52.49743271,-38.37707901,35.11014557,0.971863031,-0.019780524,0.020850349,1631164890.0,-0.03944652410672683,3.2155099989731815
1.74e-05,0.002533041,0.000416839,1012.641113,3.426271915,-52.22052765,-38.16833115,35.11014557,0.972837806,-0.020745426,0.022789916,1631164890.0,-0.08770083458612651,2.952407495214802
0.001828407,0.000951216,0.002488347,1012.637695,3.53950429,-52.23305511,-38.22865295,35.20193481,0.972594142,-0.019780524,0.023032364,1631164890.0,-0.14354331865276554,2.5217775392565054
-0.000304195,0.00183019,-0.000602853,1012.641602,3.435128212,-52.37097931,-38.24926758,35.16522217,0.971863031,-0.020504201,0.024487037,1631164890.0,-0.2193978097161737,1.8635841101079844
-0.000284152,0.001689836,0.00028781,1012.638916,3.17445159,-53.11354446,-38.17050552,35.18357849,0.972350419,-0.020504201,0.023517253,1631164890.0,-0.2816250099190204,1.0187090803509231
2.01e-05,0.005519874,0.001409635,1012.645264,2.948988914,-52.82963562,-38.25160599,35.16522217,0.973325253,-0.020745426,0.021820132,1631164890.0,-0.31619934580778886,0.07011104292755654
-0.000265591,0.002293773,0.002285646,1012.651123,3.199179649,-53.28823853,-38.21190643,35.22029114,0.972350419,-0.020504201,0.021820132,1631164890.0,-0.379589985399998,-1.0686589132724373
-0.000537497,0.003105931,0.000735765,1012.651123,3.594628572,-53.01346207,-38.19595718,35.29372406,0.973325253,-0.020745426,0.021577686,1631164890.0,-0.4143232602556557,-2.3116286940394044
0.001255871,0.003588215,0.001314858,1012.653809,3.257038832,-52.83093643,-38.15893173,35.22029114,0.972594142,-0.019780524,0.021577686,1631164890.0,-0.47114675969711006,-3.7250689731307345
2.26e-05,0.002509683,0.000979399,1012.649414,3.227581263,-52.67473221,-37.9747467,35.14686203,0.975031078,-0.021710331,0.022547469,1631164890.0,-0.45445542081276874,-5.08843523556904
-0.000648837,0.002704985,-0.000265308,1012.647461,3.114410162,-52.66904831,-37.9125061,35.22029114,0.975762188,-0.02002175,0.022789916,1631164891.0,-0.4047310004435173,-6.707359237343109
0.000554161,0.000834279,0.001549305,1012.647705,2.991947174,-51.97363281,-38.06975174,35.22029114,0.973325253,-0.020745426,0.022789916,1631164891.0,-0.44995877475976154,-8.507194336382156
-0.000334258,0.000497833,0.000596745,1012.647461,3.054382801,-52.1802597,-38.08180618,35.12850571,0.97381264,-0.01881562,0.022062579,1631164891.0,-0.4782712461666619,-10.420279321048804
0.00060306,0.001984574,-0.000318937,1012.642334,3.28422451,-52.001091,-38.05530167,35.20193481,0.97381264,-0.019298071,0.021820132,1631164891.0,-0.506427721394036,-12.445990206624948
0.001198656,0.000179522,0.001178354,1012.643311,2.988595247,-52.01629257,-38.05530167,35.20193481,0.972594142,-0.019056847,0.0237597,1631164891.0,-0.5807648845750253,-14.769049744925049
-0.000933007,0.003844358,-0.000672024,1012.645508,2.766793251,-52.06615067,-38.07666779,35.16522217,0.974787354,-0.020262975,0.023274807,1631164891.0,-0.5686167735798947,-17.043516839244628
-0.000340992,-0.000439987,0.000817619,1012.645508,3.007470131,-52.22482681,-38.13786697,35.16522217,0.975762188,-0.02002175,0.023032364,1631164891.0,-0.5186691548798983,-19.11819345876422
0.001207523,-0.0019053,0.001347486,1012.650879,2.662259579,-52.38604736,-38.14905548,35.18357849,0.972837806,-0.019780524,0.022062579,1631164891.0,-0.5844536086620038,-21.456007893412234
-1.38e-05,-0.001920775,-0.000480823,1012.646484,2.729431152,-51.72016144,-38.08545685,35.18357849,0.974543691,-0.019780524,0.023274807,1631164891.0,-0.5822473961839775,-23.784997478148146
0.000842739,-0.000429355,-0.000171741,1012.649902,2.984747887,-51.98181152,-38.22211838,35.16522217,0.974787354,-0.019539297,0.023032364,1631164891.0,-0.5709043353730135,-26.0686148196402
-0.000390315,-0.001083523,0.001002897,1012.641357,2.941017151,-52.22086334,-38.14359283,35.22029114,0.972106695,-0.019780524,0.022789916,1631164891.0,-0.6646965933259741,-28.727401192944097
-8.08e-05,-0.000188962,0.000973195,1012.63623,3.40638113,-52.24077225,-37.69029236,35.22029114,0.971863031,-0.019056847,0.022062579,1631164891.0,-0.7692673595809774,-31.804470631268007
-0.000381843,0.002227344,0.001235256,1012.639893,2.961615086,-52.30005646,-37.8425293,35.12850571,0.972350419,-0.020504201,0.02133524,1631164891.0,-0.854210107330218,-35.22131106058888
-0.002144859,0.000384502,0.001158958,1012.62915,3.326130152,-52.31974411,-37.75756454,35.11014557,0.973081529,-0.021227879,0.024244592,1631164892.0,-0.9204565608132533,-39.82359386465515
0.000864209,0.001306549,0.002022501,1012.629883,3.588906288,-52.39520645,-37.83830261,35.29372406,0.974056304,-0.02002175,0.023517253,1631164892.0,-0.9410582901092253,-44.52888531520128
0.000836165,0.00245399,0.000195887,1012.631104,3.314135551,-52.27892303,-37.87337875,35.20193481,0.971863031,-0.01760949,0.023517253,1631164892.0,-1.0714380397210719,-49.88607551380664
-0.001552845,-0.001541533,-0.00011421,1012.628662,3.319560289,-52.43349838,-37.84761429,35.14686203,0.973568916,-0.02002175,0.022305025,1631164892.0,-1.1173240907950832,-55.47269596778205
0.000280853,-0.000939704,0.000487091,1012.633057,3.637557745,-52.41563034,-37.72117615,35.20193481,0.973568916,-0.02002175,0.022547469,1631164892.0,-1.1629364354029554,-61.28737814479683
0.002073348,0.001209319,-0.001293769,1012.637207,3.258507729,-52.30299759,-37.94499969,35.22029114,0.975274801,-0.021951558,0.022547469,1631164892.0,-1.122908529020614,-66.9019207898999
-0.001853176,0.000258297,-8.31e-05,1012.629639,3.188280821,-52.16633224,-37.93797302,35.27536774,0.974543691,-0.02002175,0.023274807,1631164892.0,-1.1199093413021077,-72.50146749641044
0.000616283,0.000856772,0.000831928,1012.628418,3.277775526,-52.01965332,-37.95022964,35.23865128,0.975274801,-0.019298071,0.024729483,1631164892.0,-1.0800396324111814,-77.90166565846634
-0.000280348,-0.000401624,0.001691667,1012.624268,3.433475494,-51.88394928,-37.82254028,35.23865128,0.970644593,-0.019298071,0.023517253,1631164892.0,-1.268562669903135,-84.24447900798202
4.39e-05,0.005298652,0.000436375,1012.623291,3.262889862,-51.80831528,-37.77007294,35.18357849,0.975031078,-0.020745426,0.021092795,1631164892.0,-1.2433687828638464,-90.46132292230125
0.000937701,-0.000114232,-0.000486156,1012.62207,3.183249235,-52.16249084,-37.79188156,35.18357849,0.972350419,-0.018574392,0.024002146,1631164892.0,-1.3484006280060106,-97.2033260623313
0.001251737,-0.000418544,-0.000216763,1012.62085,3.100924969,-51.91085434,-37.74376678,35.16522217,0.973568916,-0.02002175,0.0237597,1631164892.0,-1.3926000675922399,-104.1663264002925
0.000944473,-0.002169393,-0.000245884,1012.624512,3.379819632,-52.10137558,-37.97835541,35.23865128,0.974787354,-0.019539297,0.022062579,1631164892.0,-1.3795206288819835,-111.06392954470242
-0.000844007,0.002027631,-0.000244129,1012.618408,3.715577126,-52.32812881,-38.04393768,35.22029114,0.974543691,-0.019539297,0.022062579,1631164892.0,-1.3783833209859786,-117.95584614963231
-0.000867181,0.001101829,0.000653733,1012.622803,3.863720894,-52.5737648,-37.98468399,35.22029114,0.973325253,-0.019780524,0.022789916,1631164893.0,-1.447406356003753,-126.64028428565483
0.000922514,0.000451908,-0.00026452,1012.621826,3.836657047,-52.41633987,-38.01418686,35.20193481,0.974787354,-0.018574392,0.022789916,1631164893.0,-1.4318363200127928,-135.2313022057316
0.000606591,-0.000376523,0.001274986,1012.618896,3.81511569,-52.31790543,-38.23113251,35.12850571,0.973081529,-0.020262975,0.021577686,1631164893.0,-1.5162346694774194,-144.3287102225961
0.001818092,0.001424775,-0.00022479,1012.621582,3.271732569,-52.31641769,-37.91762543,35.12850571,0.974056304,-0.020262975,0.023032364,1631164893.0,-1.5413447786236523,-153.57677889433802
-2.41e-05,0.001304261,0.000992684,1012.62085,3.36480546,-52.32699966,-38.03370667,35.07343292,0.970644593,-0.019780524,0.0237597,1631164893.0,-1.7666540208406774,-164.17670301938207
0.000582793,-0.001727976,-0.000227362,1012.616699,3.491362572,-52.24362946,-38.07721329,35.16522217,0.974787354,-0.019539297,0.022547469,1631164893.0,-1.7503061544470229,-174.6785399460642
0.001179479,0.000995718,-0.000826612,1012.617188,3.388953924,-52.44268417,-37.90209579,35.23865128,0.974787354,-0.01881562,0.022789916,1631164893.0,-1.7344640257561912,-185.08532410060135
0.001451416,0.002193049,0.000375444,1012.613281,3.625165224,-52.47840118,-37.57440186,35.07343292,0.973081529,-0.020262975,0.021577686,1631164893.0,-1.8188623752208177,-195.99849835192626
0.000533739,-0.000232778,0.000982242,1012.612061,3.650913715,-52.39810944,-37.88768768,35.14686203,0.972106695,-0.020262975,0.022305025,1631164893.0,-1.9596278109654404,-207.7562652177189
-0.000703929,-0.002928898,0.000383247,1012.611328,3.24657917,-52.32650375,-37.77664566,35.18357849,0.974299967,-0.021469103,0.022305025,1631164893.0,-1.9698840194664409,-219.57556933451752
0.000482375,-0.000210941,-0.00052168,1012.611328,3.378845215,-52.23371124,-37.932621,35.05507278,0.974543691,-0.019298071,0.02133524,1631164893.0,-1.9697544172669625,-231.3940958381193
-0.001353514,-0.000470586,0.000650203,1012.613037,3.550563097,-52.530159,-37.81952286,35.14686203,0.974056304,-0.019056847,0.021820132,1631164893.0,-1.9979376959430084,-243.38172201377736
0.000520771,0.001629941,-0.001504231,1012.617432,3.453965902,-52.63070679,-37.83545303,35.14686203,0.975518465,-0.019780524,0.023274807,1631164893.0,-1.9373008957323814,-255.00552738817166
-0.000691358,9.25e-05,0.000367008,1012.615967,3.289772749,-52.48555374,-38.08711243,35.01835632,0.973568916,-0.020262975,0.023274807,1631164894.0,-1.999641332719531,-269.00301671720837
-8.15e-05,0.002490535,-0.000502124,1012.614502,2.928418636,-52.17030334,-38.21581268,35.12850571,0.97381264,-0.019056847,0.024244592,1631164894.0,-2.045306600793785,-283.32016292276484
0.00114371,-0.000555515,-0.000171714,1012.616699,2.832315683,-52.21010971,-38.13560867,35.07343292,0.973081529,-0.020262975,0.024244592,1631164894.0,-2.139463011087921,-298.2964040003803
0.000246251,0.000368305,0.000742575,1012.609863,2.700711012,-52.21945572,-38.10728073,35.20193481,0.973568916,-0.020745426,0.022305025,1631164894.0,-2.2026638791174302,-313.7150511542023
-0.000351585,-0.002082467,0.001041049,1012.608154,2.687544584,-52.33322144,-38.14378738,35.14686203,0.974299967,-0.020504201,0.021577686,1631164894.0,-2.2171793964627446,-329.2353069294415
0.000821959,-0.000517167,0.000133451,1012.606445,3.216878414,-52.31797409,-38.20078278,35.14686203,0.976005912,-0.020504201,0.022789916,1631164894.0,-2.1127516829146784,-344.02456870984423
0.000816538,0.001860827,-0.000168586,1012.60498,3.32632494,-52.341362,-38.32902145,35.20193481,0.975274801,-0.02002175,0.023032364,1631164894.0,-2.0587844259742325,-358.43605969166384
-9.95e-05,0.00125318,0.000430277,1012.607666,3.354718208,-52.3944931,-38.20915604,35.14686203,0.976005912,-0.02002175,0.024487037,1631164894.0,-1.9522237572195478,-372.1016259922007
0.001136722,-0.002722852,0.001910526,1012.606201,3.405823231,-52.29975128,-37.96866608,35.20193481,0.975518465,-0.020262975,0.022305025,1631164894.0,-1.8823559168136272,-385.2781174098961
0.001100385,-0.002743557,-0.000546381,1012.605957,3.634575129,-52.2916832,-37.89840317,35.20193481,0.975031078,-0.021227879,0.022305025,1631164894.0,-1.8445209292307805,-398.18976391451156
0.000199856,0.001221329,0.000366464,1012.604492,3.695033073,-52.13411713,-37.907444,35.07343292,0.975274801,-0.019298071,0.023274807,1631164894.0,-1.7911596937740673,-410.72788177093
0.000540463,-0.002738491,0.00124423,1012.614746,3.584374428,-52.1009903,-37.97559357,35.18357849,0.97381264,-0.020504201,0.023032364,1631164894.0,-1.8368267799535678,-423.585669230605
0.000824062,0.003283069,-0.000589309,1012.610596,3.66643095,-52.22420502,-38.02716064,35.18357849,0.972106695,-0.020986654,0.022789916,1631164894.0,-1.999227970570745,-437.5802650246002
0.00026756,-0.000943668,-0.000855261,1012.606445,3.544688225,-52.15093994,-37.98551941,35.11014557,0.97381264,-0.020745426,0.022305025,1631164894.0,-2.0457062081285593,-451.9002084815001
0.000234277,-6.63e-05,-0.000222186,1012.606689,3.764737606,-52.18442535,-38.16542816,35.16522217,0.974056304,-0.019298071,0.023032364,1631164895.0,-2.080722871350552,-468.5459914523045
-0.000958433,0.002674229,-0.000531573,1012.606445,3.796224594,-52.2432785,-38.06866074,35.11014557,0.974787354,-0.019780524,0.024244592,1631164895.0,-2.055350158002931,-484.98879271632796
-0.00034026,0.001175314,0.00096078,1012.611572,3.659898281,-52.30835724,-38.37408829,35.05507278,0.975031078,-0.020504201,0.024487037,1631164895.0,-2.009219039903333,-501.06254503555465
-0.000328353,0.001156919,-0.000303023,1012.611328,3.971688747,-52.19061279,-38.28896332,35.07343292,0.974543691,-0.018333169,0.024244592,1631164895.0,-2.0051719356213673,-517.1039205205255
-0.001203048,0.002365097,-0.000272775,1012.613037,3.648096561,-52.06380081,-38.11246109,35.11014557,0.973325253,-0.020262975,0.023032364,1631164895.0,-2.0959769275908773,-533.8717359412526
0.000633326,0.001492374,0.000336384,1012.616943,3.383504152,-52.06042862,-37.8288269,35.11014557,0.974543691,-0.019539297,0.022547469,1631164895.0,-2.093286964365863,-550.6180316561795
-0.000273819,-0.003926598,0.001270737,1012.623047,3.348538399,-52.01586533,-38.00059891,35.27536774,0.976493299,-0.020745426,0.022789916,1631164895.0,-1.9353232546732955,-566.1006176935658
0.000605494,-0.000253655,0.000652477,1012.622314,2.383764029,-52.76497269,-38.17416382,35.11014557,0.974299967,-0.020262975,0.022305025,1631164895.0,-1.9510237261928622,-581.7088075031087
-0.000275206,0.001490891,-0.000291118,1012.619873,2.152147532,-52.5839386,-37.93999481,35.11014557,0.974787354,-0.019539297,0.022789916,1631164895.0,-1.9287844516995662,-597.1390831167053
4.4e-05,-0.001181506,0.000924598,1012.628418,2.286701679,-52.56287766,-38.11087036,35.05507278,0.973568916,-0.020745426,0.021092795,1631164895.0,-2.003132671208954,-613.1641444863769
0.00155328,0.001845323,0.000313405,1012.624023,2.686785698,-52.4863739,-38.49568176,35.09178925,0.972837806,-0.020504201,0.021092795,1631164895.0,-2.135213360308649,-630.2458513688462
-0.000580824,-0.001208864,0.000277847,1012.629395,3.151659012,-52.43886566,-38.62400818,35.14686203,0.972594142,-0.019539297,0.020607902,1631164895.0,-2.2887743636318767,-648.5560462779011
0.000613756,-0.00210055,-1.61e-05,1012.629883,3.491651535,-52.46888733,-38.55520248,35.12850571,0.970888257,-0.019780524,0.023517253,1631164895.0,-2.5705430226882973,-669.1203904594075
0.000272934,4.05e-05,1.98e-05,1012.62915,3.624043226,-52.29789734,-38.07211304,35.12850571,0.970888257,-0.020986654,0.021577686,1631164896.0,-2.889272499633416,-695.1238429561083
0.00086984,8.85e-05,0.000594307,1012.627686,3.176427603,-51.93191528,-37.82540131,35.14686203,0.971131921,-0.020745426,0.021577686,1631164896.0,-3.1869637951515744,-723.8065171124725
-0.000654847,-0.000291593,0.001180496,1012.630371,3.429373264,-52.09200668,-37.79584503,35.14686203,0.972837806,-0.020504201,0.022789916,1631164896.0,-3.332177873956474,-753.7961179780808
0.000538948,0.002380393,-0.000369519,1012.637939,3.577459574,-52.06945419,-37.85715866,35.18357849,0.974299967,-0.02002175,0.023032364,1631164896.0,-3.3487879683857646,-783.9352096935527
0.002929595,0.00167162,-0.000656547,1012.640625,3.521856308,-52.13096237,-37.88983536,35.16522217,0.972837806,-0.019298071,0.0237597,1631164896.0,-3.4941318835131,-815.3823966451706
-0.000453413,0.003105126,-0.002100512,1012.641113,3.493989229,-52.28952789,-37.81800461,35.16522217,0.972350419,-0.020504201,0.024244592,1631164896.0,-3.679237684828524,-848.4955358086273
-0.000776487,-0.00115215,5.04e-05,1012.63916,3.228835583,-52.36397552,-37.97387314,35.16522217,0.974056304,-0.020986654,0.022062579,1631164896.0,-3.717531418109424,-881.9533185716122
0.001038739,-0.001119755,4.79e-05,1012.639893,2.910847425,-52.23151016,-37.9175415,35.11014557,0.974056304,-0.020504201,0.021092795,1631164896.0,-3.75862681275659,-915.7809598864214
0.000141437,0.000757493,0.000370443,1012.633789,3.070888996,-52.36172867,-37.73208618,35.27536774,0.974056304,-0.02002175,0.023274807,1631164896.0,-3.796223637119544,-949.9469726204974
-0.001647098,-0.002563678,5.69e-05,1012.638184,3.441538095,-52.1084938,-37.54682922,35.12850571,0.971131921,-0.019298071,0.024002146,1631164896.0,-4.09152816659436,-986.7707261198466
0.001968258,0.000501312,-0.000246124,1012.64209,3.13536191,-52.14198685,-37.56618118,35.11014557,0.973325253,-0.020504201,0.020850349,1631164896.0,-4.197577431620204,-1024.5489230044284
0.001339973,0.000250846,0.000631902,1012.650391,2.815767288,-52.28156281,-37.75679016,35.14686203,0.970888257,-0.020504201,0.022305025,1631164896.0,-4.515766267622934,-1065.190819413035
0.000397708,0.001430184,0.000345105,1012.654785,3.251434088,-52.13887024,-37.92162323,35.14686203,0.971619308,-0.020504201,0.02133524,1631164896.0,-4.771385315306812,-1108.1332872507962
0.000392707,-0.000737086,-0.000282444,1012.65332,2.78256464,-52.04092407,-38.23611069,35.20193481,0.972837806,-0.019056847,0.022062579,1631164896.0,-4.920674687720848,-1152.4193594402839
0.000388464,0.000480637,0.000307178,1012.647949,2.813883305,-52.09329224,-38.24143982,35.20193481,0.974299967,-0.020986654,0.024002146,1631164897.0,-4.9348456014911335,-1201.7678154551952
0.000389308,0.0007625,1.66e-05,1012.647461,2.990665436,-51.85275269,-38.09277344,35.07343292,0.972837806,-0.020745426,0.020850349,1631164897.0,-5.099957471048016,-1252.7673901656754
4.97e-05,0.000389233,-0.000584794,1012.635742,2.755907774,-51.86023712,-38.23333359,35.12850571,0.968938649,-0.020262975,0.022305025,1631164897.0,-5.645096058131397,-1309.2183507469892
-0.001179206,-0.001506977,0.00122093,1012.63916,2.752804041,-51.84134293,-38.4983902,35.05507278,0.973081529,-0.020986654,0.024244592,1631164897.0,-5.778101813389361,-1366.999368880883
-0.000249705,0.003682576,0.000304502,1012.638672,2.884616375,-51.96162033,-38.42226791,35.14686203,0.970888257,-0.020504201,0.02497193,1631164897.0,-6.125280635692839,-1428.2521752378113
-0.000553019,0.000892192,-6.02e-06,1012.636719,2.697845697,-52.00808716,-38.39167023,35.18357849,0.972594142,-0.018574392,0.024002146,1631164897.0,-6.311454895680679,-1491.3667241946182
0.000995913,-0.000578336,0.000294918,1012.634766,2.591843605,-51.94220352,-38.30889893,35.23865128,0.972350419,-0.020986654,0.021092795,1631164897.0,-6.52332128679532,-1556.5999370625714
-0.001110304,-0.000218831,-0.00059562,1012.631592,2.817530394,-51.94120026,-38.16824722,35.14686203,0.971863031,-0.019539297,0.024002146,1631164897.0,-6.779303599071978,-1624.3929730532911
0.000130969,0.001563624,-0.000276225,1012.640625,3.093998432,-52.11996841,-37.98602295,35.14686203,0.972594142,-0.019780524,0.021577686,1631164897.0,-6.968715263876827,-1694.0801256920595
0.000414765,0.002066605,0.000943799,1012.637451,3.262138128,-51.99690628,-38.00646591,35.12850571,0.976249576,-0.019780524,0.020607902,1631164897.0,-6.8018668490390946,-1762.0987941824505
0.000103912,0.000577211,0.000361511,1012.63916,2.995029688,-51.99477386,-38.00242615,35.27536774,0.975274801,-0.02002175,0.020607902,1631164897.0,-6.730087759497881,-1829.3996717774294
-0.000786912,-4.68e-05,5.79e-05,1012.639404,3.330092669,-51.9849205,-38.11495972,35.16522217,0.973081529,-0.020986654,0.023032364,1631164897.0,-6.865979845910161,-1898.059470236531
0.001934861,-4.93e-05,-0.000245167,1012.644043,3.532003403,-51.9522171,-38.26776505,35.11014557,0.974056304,-0.019298071,0.022062579,1631164897.0,-6.911951109078744,-1967.1789813273185
-0.002300236,0.000563785,-0.000243191,1012.634521,3.271720886,-51.74134827,-38.4413147,35.11014557,0.974543691,-0.019298071,0.023032364,1631164898.0,-6.90754803649491,-2043.1620097287625
-0.000469436,-0.000946328,0.002176138,1012.628418,3.318528414,-51.88389969,-38.36182022,35.18357849,0.974543691,-0.020262975,0.021820132,1631164898.0,-6.9040410841469235,-2119.1064616543786
-0.001087054,-0.000613652,-0.001795348,1012.623047,3.403061867,-51.96949387,-38.39742661,35.16522217,0.974056304,-0.01881562,0.023517253,1631164898.0,-6.951957457908959,-2195.5779936913773
-0.000752625,-3.28e-05,5.55e-05,1012.625488,3.244027853,-52.02078247,-38.41699982,35.18357849,0.975762188,-0.02002175,0.02133524,1631164898.0,-6.818761715963426,-2270.584372566975
-0.000129345,0.002060689,-0.000257472,1012.624756,3.549104214,-52.12865829,-38.47786331,35.18357849,0.974299967,-0.020504201,0.021577686,1631164898.0,-6.84157181464892,-2345.8416625281134
0.001063294,0.000511698,4.57e-05,1012.624756,3.637514114,-52.37021637,-38.53226852,35.20193481,0.97381264,-0.019780524,0.022062579,1631164898.0,-6.917369345451106,-2421.9327253280753
0.00043513,0.001421884,-0.000827381,1012.628418,3.306184053,-52.33519745,-38.43262482,35.20193481,0.975031078,-0.020504201,0.023032364,1631164898.0,-6.8577609311861325,-2497.368095571123
-0.001959233,-0.000145055,0.001265857,1012.633545,3.011129379,-52.30810165,-38.50448608,35.20193481,0.974299967,-0.020262975,0.022547469,1631164898.0,-6.878747379764157,-2573.0343167485285
0.00109598,0.000513211,0.000322219,1012.628662,3.353423834,-52.8131485,-38.33664703,35.16522217,0.974787354,-0.019539297,0.023032364,1631164898.0,-6.847553962534006,-2648.3574103364026
-0.000434702,0.001833715,0.000626476,1012.624756,3.39448452,-52.36137009,-38.19542313,35.16522217,0.974299967,-0.020262975,0.024002146,1631164898.0,-6.864793654455377,-2723.870140535412
0.000502888,-0.000329517,-0.000926267,1012.630615,3.461808443,-52.27789307,-38.15137863,35.11014557,0.975274801,-0.018333169,0.023032364,1631164898.0,-6.783568057027311,-2798.489389162712
-0.001253945,0.002644815,0.000551088,1012.623291,3.236563683,-52.13596725,-38.13505173,35.20193481,0.974299967,-0.020262975,0.025214376,1631164898.0,-6.797506682886062,-2873.2619626744586
0.000869941,-0.001590408,-0.000642613,1012.624268,3.24968648,-52.0153923,-38.10079193,35.20193481,0.975518465,-0.019056847,0.021092795,1631164898.0,-6.693242704486396,-2946.887632423809
-3.92e-05,-0.003428757,-0.000625895,1012.617188,3.247647047,-51.84192276,-37.9679184,35.09178925,0.975518465,-0.020745426,0.022062579,1631164899.0,-6.572924999272622,-3025.7627324150803
0.001439362,0.001505725,-0.000309283,1012.610107,2.926856279,-51.91926193,-38.26431656,35.22029114,0.973325253,-0.021710331,0.022305025,1631164899.0,-6.707454286186677,-3106.2521838493203
-8.35e-05,0.002396569,-0.000899678,1012.61377,3.53939867,-51.99668884,-39.20617294,35.18357849,0.972350419,-0.019056847,0.021577686,1631164899.0,-6.965116578274267,-3189.8335827886117
-0.00071498,0.001166299,-0.001180522,1012.608398,3.739943027,-52.13786697,-39.25393677,35.18357849,0.975274801,-0.020262975,0.022305025,1631164899.0,-6.87400379344512,-3272.321628309953
0.00141743,0.004486628,-0.000266097,1012.609863,3.841107607,-52.14424896,-38.92637634,35.18357849,0.975518465,-0.019056847,0.023032364,1631164899.0,-6.755101459486549,-3353.3828458237917
-0.000739712,0.000765651,-0.000563297,1012.60791,3.688050747,-52.18596268,-38.72180939,35.11014557,0.974299967,-0.020262975,0.023274807,1631164899.0,-6.7759839974004406,-3434.694653792597
-0.000733066,0.001743652,0.000931051,1012.605225,3.654887199,-52.25251389,-39.14703369,35.18357849,0.973081529,-0.018574392,0.023032364,1631164899.0,-6.944822209868941,-3518.032520311024
0.001074961,-0.000985764,0.001210341,1012.605713,3.568567753,-52.39844513,-38.81866837,35.12850571,0.97381264,-0.020262975,0.0237597,1631164899.0,-7.021647201232414,-3602.292286725813
-0.001345907,-0.001282096,0.000594566,1012.600098,3.480872631,-52.41609955,-38.7362709,35.16522217,0.976249576,-0.020986654,0.023032364,1631164899.0,-6.812092941899128,-3684.0374020286026
-0.000448348,-0.001844786,-0.001241585,1012.603027,3.73807168,-52.27425385,-38.67153168,35.20193481,0.974056304,-0.019298071,0.022547469,1631164899.0,-6.865952392792869,-3766.428830742117
-0.001066756,2.31e-05,-0.000639489,1012.601563,3.893558741,-52.49372864,-38.44465256,35.12850571,0.975274801,-0.019298071,0.021577686,1631164899.0,-6.779066324401489,-3847.7776266349347
0.000137367,-0.0005733,0.000288066,1012.597656,3.402619123,-52.38894272,-38.21133041,35.18357849,0.974543691,-0.02002175,0.022305025,1631164899.0,-6.774535790245732,-3929.0720561178837
-0.000175129,0.001491688,0.000589056,1012.600342,3.525349379,-52.36607742,-38.30309677,35.18357849,0.975518465,-0.019056847,0.02133524,1631164899.0,-6.660173089292958,-4008.9941331893992
0.000439114,-0.001815498,0.000314645,1012.597412,3.234868288,-52.46334076,-38.46950912,35.29372406,0.975274801,-0.019780524,0.023032364,1631164899.0,-6.568236774258491,-4087.812974480501
0.000156828,0.000301749,0.00120003,1012.59375,3.569150925,-52.27510834,-38.3472023,35.14686203,0.972350419,-0.019298071,0.022547469,1631164900.0,-6.843960681519235,-4176.784463340251
0.001365052,-0.001185015,0.000269834,1012.594482,3.493113279,-52.06982803,-38.51300812,35.05507278,0.973325253,-0.020986654,0.020607902,1631164900.0,-6.996490577087122,-4267.738840842384
0.000786776,0.001616038,-0.000949362,1012.593994,3.625926018,-52.25845337,-38.24637985,35.27536774,0.975031078,-0.020262975,0.021577686,1631164900.0,-6.930927268543854,-4357.840895333454
0.000212189,-0.000210866,-3.62e-05,1012.587891,3.419892788,-52.42784882,-38.62437057,35.2570076,0.974787354,-0.019780524,0.024244592,1631164900.0,-6.889696609353971,-4447.406951255055
0.00112267,-0.000540912,-0.000344645,1012.590088,3.203636169,-52.62272263,-38.61193466,35.12850571,0.972594142,-0.020986654,0.022547469,1631164900.0,-7.129907492232376,-4540.095748654076
0.000541609,-0.001135051,-0.00212422,1012.586914,3.03054738,-52.30165863,-38.43584824,35.20193481,0.973568916,-0.020262975,0.024487037,1631164900.0,-7.2418937277380095,-4634.240367114669
0.000244401,0.000727892,0.00176462,1012.591309,2.938216925,-52.31728745,-38.1028862,35.01835632,0.974787354,-0.020262975,0.024244592,1631164900.0,-7.199400416918395,-4727.8325725346085
-0.000964121,0.001031965,0.000240825,1012.598389,2.952521563,-52.20389938,-38.3882637,35.12850571,0.971863031,-0.019056847,0.022305025,1631164900.0,-7.538550205430096,-4825.8337252052
-0.000340874,0.00157173,-0.001267225,1012.60083,2.767160177,-52.3188591,-38.31411362,35.12850571,0.97381264,-0.019056847,0.023274807,1631164900.0,-7.626372168895149,-4924.976563400836
-0.000344078,0.000973277,-0.0003337,1012.60791,2.917749882,-52.2024765,-38.52134705,35.01835632,0.972106695,-0.02002175,0.02497193,1631164900.0,-7.923737498922902,-5027.985150886834
0.001490002,-0.001422286,0.000869069,1012.603271,3.402307272,-52.2219162,-38.69055557,34.98164368,0.975274801,-0.020262975,0.0237597,1631164900.0,-7.820654477260927,-5129.6536590912265
-0.000971291,-0.001186632,0.001451733,1012.608643,2.779779196,-52.13103104,-38.82822418,35.03671646,0.972350419,-0.019298071,0.024002146,1631164900.0,-8.091941440787293,-5234.848897821461
-0.001233445,0.000643715,-0.000342049,1012.619629,2.686202049,-52.25617599,-38.73598862,35.01835632,0.973568916,-0.020504201,0.02133524,1631164900.0,-8.212735306907383,-5341.614456811257
0.000599304,-0.001746193,0.000881324,1012.622314,2.280920029,-52.36863708,-38.63317108,35.12850571,0.974056304,-0.019539297,0.0237597,1631164901.0,-8.270957194388052,-5457.407857532689
-1.09e-05,-0.000488445,-0.000943979,1012.619385,2.720169783,-52.23091507,-38.61672211,35.05507278,0.971863031,-0.019539297,0.024487037,1631164901.0,-8.627672539566502,-5578.195273086621
-0.000956091,0.000972077,-0.000341494,1012.609375,3.275843382,-52.2351265,-38.56303406,35.14686203,0.97381264,-0.02002175,0.022062579,1631164901.0,-8.72346561573537,-5700.3237917069155
0.000553194,0.001023635,-0.000379486,1012.611084,3.210850477,-52.94804764,-38.33513641,35.20193481,0.97381264,-0.019298071,0.022305025,1631164901.0,-8.820505704381596,-5823.810871568257
-1.49e-05,-0.003186055,0.000249851,1012.615967,3.250850201,-51.98942947,-38.55838394,35.16522217,0.974056304,-0.020504201,0.021577686,1631164901.0,-8.882974382455092,-5948.172512922629
-0.001545648,-0.002191871,0.000232503,1012.612549,2.949651718,-51.823349,-38.45500565,35.16522217,0.973325253,-0.02002175,0.021092795,1631164901.0,-9.04860136051279,-6074.852931969808
-0.001814656,-0.001897715,-8.43e-05,1012.61499,2.580469131,-52.02369308,-38.51105881,35.09178925,0.973081529,-0.020745426,0.022789916,1631164901.0,-9.240343429493821,-6204.2177399827215
0.000928127,-0.001873098,0.000515616,1012.612549,3.179927111,-52.07830811,-38.24007797,35.20193481,0.971375644,-0.019539297,0.022547469,1631164901.0,-9.670382630285845,-6339.603096806723
-0.001460057,-0.003367111,-0.000395959,1012.609863,3.576829195,-52.21472168,-38.3206749,35.16522217,0.972350419,-0.020504201,0.023517253,1631164901.0,-9.960776231232463,-6479.053964043978
0.000974178,-0.000608012,-0.000371195,1012.609131,3.443998814,-52.34941101,-38.29480743,35.22029114,0.972106695,-0.02002175,0.023032364,1631164901.0,-10.287587322294966,-6623.080186556108
0.000690514,-2.69e-05,0.000858584,1012.606201,3.745626926,-52.34816742,-38.43011856,35.16522217,0.976249576,-0.02002175,0.0237597,1631164901.0,-10.043496401516617,-6763.6891361773405
-0.001991405,0.000545271,-0.000370039,1012.609863,3.362603664,-52.28739548,-38.0542984,35.20193481,0.972350419,-0.020262975,0.024244592,1631164901.0,-10.332132664641616,-6908.3389934823235
0.000164335,-0.000987798,0.001139879,1012.604492,3.11888051,-51.75819016,-38.06290054,35.18357849,0.974787354,-0.017850716,0.02497193,1631164901.0,-10.290322330470287,-7052.403506108907
0.00106718,-0.002705552,0.000222506,1012.600586,3.428841829,-51.88353348,-38.34619141,35.18357849,0.975031078,-0.019539297,0.020607902,1631164901.0,-10.22462176356774,-7195.5482107988555
-0.000154691,0.00065399,0.000833238,1012.604248,3.636862516,-51.93817139,-38.1963768,35.16522217,0.973081529,-0.021469103,0.020123012,1631164902.0,-10.43639781637145,-7352.094178044427
0.000150729,0.000959598,-0.000388395,1012.604004,3.78258729,-52.10341644,-38.0668869,35.16522217,0.974056304,-0.021951558,0.021820132,1631164902.0,-10.497896789059327,-7509.562629880317
0.001372396,0.001265123,-0.000388321,1012.595947,3.920096636,-52.17367554,-38.02374268,35.12850571,0.975031078,-0.020745426,0.022789916,1631164902.0,-10.416699977340379,-7665.813129540423
-0.000460186,0.002486408,0.000528049,1012.592773,3.712620735,-52.08399963,-38.08825684,35.11014557,0.974299967,-0.021227879,0.021820132,1631164902.0,-10.444732005121967,-7822.484109617252
-0.000154996,4.29e-05,0.000528095,1012.593994,3.454467535,-52.02825165,-38.06712341,35.12850571,0.976005912,-0.021227879,0.022062579,1631164902.0,-10.221140782427026,-7975.801221353658
0.001066542,-0.001789726,0.000528039,1012.59668,3.551934719,-51.99485016,-38.284935,35.14686203,0.975274801,-0.021710331,0.02133524,1631164902.0,-10.105860684005005,-8127.389131613732
0.000150155,4.29e-05,0.000222577,1012.606445,3.502237558,-51.96572495,-38.20970154,35.11014557,0.976249576,-0.02002175,0.022547469,1631164902.0,-9.84856178498824,-8275.117558388556
0.000455576,0.001875348,-0.000998877,1012.607422,3.802881956,-51.83934784,-38.23289108,35.2570076,0.97722435,-0.020745426,0.024729483,1631164902.0,-9.437962631984753,-8416.686997868328
-0.000766398,-0.001484416,0.000528308,1012.604248,3.608239889,-51.83029938,-38.32673264,35.14686203,0.973568916,-0.019539297,0.022789916,1631164902.0,-9.575410881337737,-8560.318161088395
0.000149683,0.000347659,-0.000998707,1012.614014,3.707144976,-52.15195084,-38.30180359,35.18357849,0.973081529,-0.019539297,0.023274807,1631164902.0,-9.782832091223133,-8707.060642456741
0.002592721,0.001263738,0.00022307,1012.625977,3.554615021,-52.05364609,-38.20913696,35.20193481,0.974056304,-0.020262975,0.022305025,1631164902.0,-9.848096105368903,-8854.782084037275
0.000759806,0.001568563,-8.24e-05,1012.628662,3.65879178,-52.15816116,-38.1555748,35.20193481,0.975031078,-0.020262975,0.022305025,1631164902.0,-9.770039610371601,-9001.33267819285
0.002592107,0.001262695,0.000528416,1012.636475,3.407483339,-52.19825745,-37.97744751,35.22029114,0.975762188,-0.01881562,0.024002146,1631164902.0,-9.582828685571641,-9145.075108476425
-0.000156875,0.002178513,-0.001304004,1012.636475,3.74639225,-52.14801025,-38.11015701,35.22029114,0.975518465,-0.019539297,0.022062579,1631164903.0,-9.426310839716475,-9295.89608191189
0.000148417,0.001261823,-0.000387637,1012.63501,3.757354021,-52.21495056,-37.80063629,35.16522217,0.97381264,-0.01881562,0.022789916,1631164903.0,-9.536933717493584,-9448.487021391787
-0.000157001,-0.003013939,0.000834089,1012.632324,3.535116434,-52.21982193,-37.98771667,35.16522217,0.976493299,-0.019780524,0.022305025,1631164903.0,-9.225902352346838,-9596.101459029336
0.0004538,0.00339973,-0.000693005,1012.636963,3.204837799,-52.07118607,-38.24567795,35.22029114,0.976493299,-0.020262975,0.022789916,1631164903.0,-8.91156367546712,-9738.68647783681
-0.000157077,0.000650883,0.000223391,1012.640137,3.677283287,-51.9625206,-38.29010391,35.16522217,0.976493299,-0.02002175,0.02133524,1631164903.0,-8.603159917864696,-9876.337036522646
-0.000157115,0.000651002,-8.21e-05,1012.645508,3.811641932,-52.06840515,-38.34342575,35.22029114,0.976249576,-0.019539297,0.022062579,1631164903.0,-8.331978351666653,-10009.648690149312
0.001369755,0.000345558,0.000528891,1012.646973,3.938961506,-52.06085587,-38.30558777,35.14686203,0.974056304,-0.020262975,0.021577686,1631164903.0,-8.404162825034645,-10144.115295349866
0.000147678,0.001261719,-0.000387156,1012.642578,4.153885841,-52.14064407,-38.4257431,35.23865128,0.975762188,-0.019780524,0.022789916,1631164903.0,-8.206036739602677,-10275.41188318351
-0.000768554,-0.002403103,-8.17e-05,1012.642822,3.215459585,-52.25693893,-38.43727112,35.23865128,0.974056304,-0.020986654,0.022789916,1631164903.0,-8.271488255853587,-10407.755695277167
0.000147758,0.000956416,-0.000387192,1012.641846,3.134704351,-52.03858185,-38.40196609,35.16522217,0.975031078,-0.019780524,0.020607902,1631164903.0,-8.195639034386524,-10538.885919827351
0.001369425,-0.001486927,0.000223719,1012.642578,2.860694885,-52.06948853,-38.3021965,35.12850571,0.974787354,-0.019780524,0.024244592,1631164903.0,-8.144893607691282,-10669.204217550412
0.00014758,0.000650808,-0.000692585,1012.643311,3.03569746,-52.00065231,-38.06361389,35.16522217,0.976493299,-0.020745426,0.021820132,1631164903.0,-7.832440252540491,-10794.523261591059
0.00075828,0.000650853,0.000834623,1012.644531,3.875242472,-51.89975739,-38.15296173,35.03671646,0.974299967,-0.021227879,0.022062579,1631164903.0,-7.861484803494125,-10920.307018446965
0.00075814,0.000650562,-0.000386961,1012.63623,3.767526388,-52.11496353,-38.27126694,35.11014557,0.974787354,-0.019298071,0.022789916,1631164904.0,-7.815027098701415,-11053.162479124889
-0.000463576,0.001261555,-0.000386992,1012.634277,3.631202936,-52.01111221,-38.24495697,35.16522217,0.976005912,-0.020504201,0.023032364,1631164904.0,-7.560468590693269,-11181.690445166674
-0.000158026,0.001261413,-8.15e-05,1012.626221,3.729337454,-51.97814941,-37.94706726,35.16522217,0.976249576,-0.020986654,0.02133524,1631164904.0,-7.270026131168612,-11305.280889396541
0.00014742,-0.000265762,-0.001303067,1012.624023,4.124367237,-52.03328705,-37.79908371,35.16522217,0.975762188,-0.019780524,0.023032364,1631164904.0,-7.058568567713175,-11425.276555047665
-0.000463405,0.001566783,0.000223963,1012.622559,3.793066502,-52.13692093,-37.98874283,35.09178925,0.974787354,-0.019780524,0.022062579,1631164904.0,-7.013287762072153,-11544.502447002891
0.000147705,-0.000876375,-0.001303153,1012.617676,4.191043377,-51.98482513,-38.17884064,35.05507278,0.975274801,-0.020504201,0.023274807,1631164904.0,-6.879595088793748,-11661.455563512385
-0.000157662,-0.000876024,0.001445737,1012.61084,4.091974735,-51.82540894,-38.09818268,35.05507278,0.975762188,-0.020262975,0.021820132,1631164904.0,-6.6711305464721695,-11774.864782802411
0.000147785,-0.00087598,-0.000692401,1012.614502,3.871870756,-51.53819656,-37.92808151,35.22029114,0.975274801,-0.019539297,0.023274807,1631164904.0,-6.5407386303751105,-11886.057339518788
0.000453206,0.0052322,-0.001303116,1012.612061,3.636443138,-51.64277267,-37.95030594,35.14686203,0.976736963,-0.020262975,0.022305025,1631164904.0,-6.168016804640796,-11990.913625197682
0.000147889,0.003399238,-0.000692232,1012.610596,3.162306786,-51.9401207,-38.01660156,35.03671646,0.976736963,-0.02002175,0.023517253,1631164904.0,-5.7913857237771165,-12089.367182501892
-0.001684666,0.000955828,-0.000692084,1012.610596,3.075882912,-51.99703598,-38.22203445,35.18357849,0.975518465,-0.019298071,0.024002146,1631164904.0,-5.618254859799397,-12184.877515118482
0.000147943,0.000345103,0.000834921,1012.613037,3.055879593,-51.91800308,-37.88030243,35.12850571,0.976249576,-0.019780524,0.024244592,1631164904.0,-5.320691657311501,-12275.329273292777
0.000453287,-0.002097927,0.000224102,1012.619141,3.410098553,-52.07049561,-38.0477562,35.12850571,0.975762188,-0.020986654,0.022547469,1631164904.0,-5.1069227957784715,-12362.14696082101
0.001064115,-0.000265576,0.002056384,1012.618896,3.737402678,-52.0888176,-38.07285309,35.14686203,0.979661286,-0.019056847,0.022789916,1631164904.0,-4.249083030325108,-12434.381372336537
0.001369382,0.001872391,0.001445362,1012.61792,3.643598318,-52.13753128,-37.99095154,35.16522217,0.974299967,-0.020986654,0.024244592,1631164905.0,-4.27353161715892,-12511.304941445396
-0.000768581,0.002482712,0.001445154,1012.60791,3.32413888,-51.94257355,-38.05413437,35.09178925,0.976736963,-0.019056847,0.025214376,1631164905.0,-3.8706818736420434,-12580.977215170953
0.000758622,-0.000877127,0.000528952,1012.60791,2.989793777,-52.00232315,-38.02071381,35.09178925,0.975274801,-0.020504201,0.024002146,1631164905.0,-3.7260146484429493,-12648.045478842927
-0.000768527,3.92e-05,0.001445169,1012.61499,2.900990963,-52.19207382,-37.95797729,35.12850571,0.975518465,-0.019539297,0.021820132,1631164905.0,-3.5508942180620258,-12711.961574768044
0.000147785,0.001566127,-0.000692738,1012.611084,3.155238628,-52.18748093,-38.02672195,35.22029114,0.975762188,-0.018333169,0.022547469,1631164905.0,-3.333983568894787,-12771.97327900815
0.001674654,0.003093287,-8.2e-05,1012.622559,3.252733469,-52.16088867,-38.04783249,35.18357849,0.973568916,-0.02002175,0.021820132,1631164905.0,-3.5011121187484298,-12834.993297145622
0.000147403,-0.001793496,-0.000998154,1012.625244,2.990074635,-52.88387299,-37.93426514,35.16522217,0.975031078,-0.02002175,0.022789916,1631164905.0,-3.406345175100039,-12896.307510297424
0.001674221,-0.001182467,-0.000692651,1012.625488,3.371545792,-52.71936035,-38.01724243,35.14686203,0.975762188,-0.02002175,0.022305025,1631164905.0,-3.1845621796014343,-12953.629629530249
0.000452376,-0.000877529,0.000834534,1012.629395,3.710181952,-52.40280533,-37.99175644,35.05507278,0.976736963,-0.019780524,0.023032364,1631164905.0,-2.7886820927279046,-13003.82590719935
0.000146958,-0.000572369,-0.001609059,1012.635254,3.825136423,-52.38679504,-38.09054184,35.11014557,0.974787354,-0.019539297,0.022062579,1631164905.0,-2.7415961133709814,-13053.174637240028
-0.000463893,0.000649683,0.000223609,1012.635742,3.385368109,-52.90681076,-38.20090866,35.14686203,0.973568916,-0.020262975,0.022547469,1631164905.0,-2.904920012350802,-13105.463197462343
-0.001685481,-0.00026647,-0.000692721,1012.62915,3.586256027,-52.78504562,-38.38462067,35.09178925,0.973568916,-0.020986654,0.0237597,1631164905.0,-3.0604526752648784,-13160.55134561711
-0.000158355,-0.001182452,-0.000387194,1012.62793,3.499959946,-52.54788208,-38.32219696,35.2570076,0.974299967,-0.020262975,0.023032364,1631164905.0,-3.0927929928129476,-13216.221619487744
0.000757854,-0.000571601,0.000529176,1012.628174,3.344681025,-52.37414551,-38.5153656,35.2570076,0.974056304,-0.018333169,0.022305025,1631164906.0,-3.182581376507405,-13276.690665641385
0.001063148,-0.001182191,-8.17e-05,1012.631104,3.513437986,-52.02965546,-38.24261093,35.18357849,0.972594142,-0.02002175,0.023274807,1631164906.0,-3.53425632662606,-13343.84153584728
-0.000769383,-0.001792811,-0.001303222,1012.626953,4.048817635,-52.21026611,-37.8938446,35.18357849,0.97381264,-0.019298071,0.023032364,1631164906.0,-3.662800332748245,-13413.434742169497
0.000452311,-0.000570707,0.000223935,1012.620605,3.950531483,-52.17495346,-37.88197327,35.07343292,0.975762188,-0.02002175,0.021092795,1631164906.0,-3.433716645997092,-13478.675358443441
-0.000158668,0.002483308,-8.15e-05,1012.619629,4.347916126,-52.30634689,-37.87763214,35.18357849,0.975274801,-0.019298071,0.023517253,1631164906.0,-3.287795841998164,-13541.143479441405
-0.000769289,3.99e-05,-0.002219304,1012.621338,4.066255093,-52.17434692,-38.06617737,35.16522217,0.971863031,-0.020745426,0.022305025,1631164906.0,-3.777036641567956,-13612.907175631197
-0.001074604,0.001567222,-0.000386741,1012.622803,3.980410814,-52.20285034,-38.40376282,35.05507278,0.974299967,-0.020504201,0.023032364,1631164906.0,-3.8102337685401926,-13685.301617233461
-0.001380048,0.00431598,0.0014458,1012.617188,3.988198996,-52.46780777,-38.37581635,35.09178925,0.976249576,-0.018574392,0.022062579,1631164906.0,-3.49171362448732,-13751.64417609872
0.000757892,-0.000876509,-0.001303021,1012.619385,3.652725697,-52.51869583,-38.25858688,35.2570076,0.975762188,-0.020745426,0.023517253,1631164906.0,-3.2494930825602126,-13813.384544667364
0.001674024,0.004926264,0.001751119,1012.619385,3.631647587,-52.22072983,-37.8647728,35.2570076,0.976493299,-0.019298071,0.024002146,1631164906.0,-2.8744469838169566,-13867.999037359887
0.000146747,0.000650063,-0.000386812,1012.611084,3.205567122,-52.06999207,-37.86774445,35.14686203,0.975031078,-0.020504201,0.023274807,1631164906.0,-2.7704148213466393,-13920.636918965472
0.001979023,0.001260713,0.000223996,1012.608398,3.286470413,-52.28123093,-37.89512253,35.12850571,0.97381264,-0.019780524,0.022305025,1631164906.0,-2.900309226343378,-13975.742794265996
0.002589698,-0.001182757,0.000224145,1012.61377,3.214206457,-52.32714462,-37.96398926,35.09178925,0.975518465,-0.020262975,0.022062579,1631164906.0,-2.711694740600993,-14027.264994337414
0.001062267,-0.000877231,-8.13e-05,1012.611572,3.359857321,-52.34799957,-38.08172226,35.11014557,0.976005912,-0.01881562,0.022547469,1631164906.0,-2.435631421097244,-14073.541991338263
-0.000464933,-0.00148803,-0.001302974,1012.607666,3.362091541,-52.09067917,-38.18682098,35.05507278,0.975031078,-0.020745426,0.022547469,1631164907.0,-2.3284739994895536,-14120.111471328055
0.001672828,0.002788045,0.00083492,1012.605957,3.225975513,-52.01233292,-38.30547333,35.09178925,0.976493299,-0.019780524,0.022789916,1631164907.0,-1.93748987373796,-14158.861268802813
0.000451215,0.001871638,0.000224229,1012.610596,2.884274483,-52.23410034,-38.21873856,35.12850571,0.974543691,-0.020504201,0.023517253,1631164907.0,-1.9223856498258725,-14197.308981799331
-0.001381264,-0.002404258,-0.000691818,1012.610107,2.860317707,-52.57765198,-38.1546669,35.14686203,0.975762188,-0.018333169,0.024002146,1631164907.0,-1.6745714650605485,-14230.800411100543
0.000145863,-0.002098575,-0.001302764,1012.606934,3.072818279,-52.43994904,-38.04901886,35.14686203,0.976005912,-0.02002175,0.023274807,1631164907.0,-1.3759269196693789,-14258.31894949393
0.000451362,-0.001487434,-0.001302408,1012.618408,3.4547925,-52.20371628,-38.05670929,35.14686203,0.973568916,-0.020504201,0.024244592,1631164907.0,-1.548412837036465,-14289.28720623466
-0.000159462,0.001566902,0.000835536,1012.624756,3.406716824,-52.19447708,-37.85956192,35.11014557,0.972106695,-0.021469103,0.022062579,1631164907.0,-2.013640323433339,-14329.560012703327
0.00014601,-0.001487039,0.00053015,1012.62915,3.664814234,-52.06930923,-37.94805527,35.14686203,0.974299967,-0.02002175,0.021577686,1631164907.0,-2.0570802740769194,-14370.701618184865
-0.000464686,0.000956289,-0.000996968,1012.622314,3.443221331,-52.19982147,-37.78865433,35.23865128,0.976493299,-0.021469103,0.022305025,1631164907.0,-1.6612993708163895,-14403.927605601193
-0.000464672,0.001566976,0.000224732,1012.623535,3.121650457,-52.42187881,-37.77667999,35.20193481,0.975762188,-0.019780524,0.023274807,1631164907.0,-1.4113979898683853,-14432.155565398562
0.001062352,0.000650577,-0.00069147,1012.635742,3.146665096,-52.62731552,-38.05963898,35.05507278,0.976005912,-0.020262975,0.021577686,1631164907.0,-1.1194222026170122,-14454.544009450901
0.001062186,-0.001181953,0.000530256,1012.631104,3.0782125,-52.59449768,-38.09734344,35.16522217,0.975031078,-0.020262975,0.0237597,1631164907.0,-1.0086105714904567,-14474.716220880711
-0.000465014,-0.003625013,-0.001607545,1012.630859,3.544667482,-52.42573166,-37.79172516,35.14686203,0.97722435,-0.019056847,0.024244592,1631164907.0,-0.47026793717123827,-14484.121579624136
-0.00015954,-0.003319204,0.000530504,1012.637207,3.583930016,-52.31010056,-38.02150726,35.20193481,0.976249576,-0.018333169,0.025941715,1631164908.0,-0.09952639134808572,-14486.211633842446
-0.000159346,0.000345901,-8.03e-05,1012.632568,3.466813803,-52.39340591,-37.9978981,35.18357849,0.974787354,-0.020745426,0.024244592,1631164908.0,-0.02879455569753886,-14486.816319512094
0.001367806,-0.001791783,-0.001607327,1012.634766,2.91354394,-52.67222214,-37.68331528,35.20193481,0.976005912,-0.020504201,0.022062579,1631164908.0,0.28104849814417726,-14480.914301051067
0.000146013,-0.000569731,-0.001607407,1012.636719,3.470179796,-52.45731354,-37.72800827,35.20193481,0.975274801,-0.020745426,0.021577686,1631164908.0,0.4392154659153791,-14471.690776266843
-0.000159327,-0.002096593,-0.001301903,1012.632324,3.619708538,-52.41180801,-37.74894333,35.11014557,0.972106695,-0.01881562,0.024729483,1631164908.0,-0.04737882463122345,-14472.685731584099
0.001062469,0.000652395,0.000835989,1012.643311,3.807580709,-52.11836243,-37.88348389,35.11014557,0.976493299,-0.020986654,0.0237597,1631164908.0,0.37309474970532647,-14464.850741840288
-0.000159093,-0.00118006,-0.000996407,1012.64624,4.106446743,-51.99772263,-37.91323853,35.18357849,0.976005912,-0.020745426,0.023032364,1631164908.0,0.6885986347322515,-14450.390170510911
0.001978873,4.19e-05,0.001141513,1012.653564,3.509361744,-52.16812515,-37.78337097,35.16522217,0.974787354,-0.02002175,0.022789916,1631164908.0,0.7489919149726756,-14434.661340296485
0.000451596,0.00095813,-0.000691114,1012.65332,3.243313313,-52.2960701,-37.99624252,35.11014557,0.976005912,-0.021469103,0.022062579,1631164908.0,1.063105703381348,-14412.336120525477
-0.000464611,-0.003623165,0.001141351,1012.649658,2.887067318,-52.11858749,-38.10396957,35.20193481,0.973325253,-0.019298071,0.022305025,1631164908.0,0.8172192916737173,-14395.17451540033
-0.001686097,0.000653066,0.000224946,1012.635742,3.058832884,-52.07332993,-38.12089539,35.16522217,0.972350419,-0.019298071,0.022789916,1631164908.0,0.37298260860732574,-14387.341880619575
0.001368244,-0.00026314,0.000835702,1012.633301,3.467391014,-52.89189148,-37.87132263,35.07343292,0.973081529,-0.020262975,0.021092795,1631164908.0,0.0753999490415464,-14385.758481689703
0.001368027,0.000653096,0.00144651,1012.634033,3.473581314,-52.56977463,-37.82706451,35.09178925,0.974543691,-0.020262975,0.02497193,1631164908.0,0.09766974149912871,-14383.707417118221
-0.00015907,0.000347316,-8.06e-05,1012.635498,3.623555422,-52.23355484,-37.89640045,35.11014557,0.975762188,-0.019539297,0.022789916,1631164909.0,0.3690450147796616,-14375.588426793069
0.000451655,-0.001790091,-0.001302008,1012.626953,3.503504753,-52.19221878,-37.83853531,35.11014557,0.975031078,-0.019539297,0.022305025,1631164909.0,0.4803426198848278,-14365.020889155603
0.000146212,-0.000873566,0.000225073,1012.626709,3.248828173,-52.1680603,-37.83412933,35.16522217,0.974543691,-0.020986654,0.024244592,1631164909.0,0.5030151164645297,-14353.954556593384
-0.000159411,-0.002400719,-0.000691257,1012.626709,3.735413313,-52.20831299,-37.95746994,35.11014557,0.976493299,-0.019539297,0.024002146,1631164909.0,0.9383134501046806,-14333.31166069108
-0.00077039,-0.000262767,-8.05e-05,1012.622559,3.492253304,-52.0442009,-38.0306282,35.07343292,0.975274801,-0.019056847,0.022305025,1631164909.0,1.1001104393310588,-14309.109231025797
0.000451304,-0.00117857,-0.000385834,1012.618896,3.409100771,-52.11503601,-38.30986404,35.14686203,0.974299967,-0.020986654,0.024002146,1631164909.0,1.068934429036431,-14285.592673586996
-0.001075716,-0.000872597,-8.03e-05,1012.619629,3.319720745,-52.17938232,-38.27884293,35.11014557,0.975762188,-0.020745426,0.021092795,1631164909.0,1.3374493023136227,-14256.168788936096
-0.002602685,-0.002093948,-0.000691073,1012.616211,3.374200583,-52.83647537,-38.27171326,35.2570076,0.975031078,-0.020504201,0.022789916,1631164909.0,1.455437633052456,-14224.149161008943
-0.000769896,-0.000566877,-0.000691105,1012.615967,3.28933692,-52.61662292,-38.11599731,35.11014557,0.973325253,-0.020745426,0.02133524,1631164909.0,1.1995744149323584,-14197.758523880431
-0.001380541,-0.000566557,-8e-05,1012.610107,3.258696556,-52.35434341,-38.15050507,35.20193481,0.975762188,-0.019056847,0.022547469,1631164909.0,1.4676774554259238,-14165.469619861062
-0.00107494,-0.000260957,0.001752345,1012.602051,3.191107512,-52.17912674,-38.21229553,35.14686203,0.974299967,-0.019298071,0.023274807,1631164909.0,1.4251684595944691,-14134.115913749984
-0.000769288,-0.002398923,0.001752108,1012.60376,3.164680243,-52.15356064,-38.01986313,35.14686203,0.975762188,-0.02002175,0.025214376,1631164909.0,1.7115127853005143,-14096.462632473373
-0.000158408,-0.003925763,-8.06e-05,1012.599365,3.239373684,-51.64825821,-38.10389328,35.14686203,0.975031078,-0.02002175,0.023032364,1631164909.0,1.8285675601710403,-14056.234146149609
-0.000463826,0.001572162,-0.001302173,1012.596436,3.238810539,-51.9213295,-38.21453857,35.22029114,0.974787354,-0.018574392,0.022305025,1631164909.0,1.8832390006733821,-14014.802888134795
0.001063223,0.002793491,0.000530442,1012.609863,3.106914997,-51.99635696,-38.20258713,35.12850571,0.974543691,-0.019539297,0.023517253,1631164910.0,1.8961398076297469,-13971.191672559311
0.000757573,0.000350155,-8.04e-05,1012.616211,3.259723425,-51.99320602,-38.18752289,35.05507278,0.976736963,-0.020986654,0.023274807,1631164910.0,2.4089567384387394,-13915.78566757522
0.000452104,0.0012661,-8.04e-05,1012.605713,2.962768555,-52.09148026,-37.92699432,35.12850571,0.972594142,-0.019298071,0.022547469,1631164910.0,1.976084377411271,-13870.33572689476
-0.000464206,0.000960685,-0.000996687,1012.612305,3.242500305,-52.01347351,-37.93696213,35.12850571,0.975762188,-0.019539297,0.024729483,1631164910.0,2.270442063773587,-13818.115559427968
-0.000158887,-0.002704285,-8.03e-05,1012.614014,2.414791584,-51.84152603,-38.16194916,35.05507278,0.974299967,-0.019539297,0.024002146,1631164910.0,2.2310630380161025,-13766.801109553599
0.000146483,0.001571625,0.000530623,1012.621582,2.160485983,-51.98205948,-38.17402649,35.16522217,0.976005912,-0.018091943,0.023032364,1631164910.0,2.564712773860392,-13707.81271575481
-0.000769878,0.001266107,0.000530617,1012.621094,2.54772377,-51.91282272,-38.23478317,35.11014557,0.976493299,-0.019780524,0.024002146,1631164910.0,3.0208922780831693,-13638.332193358896
0.00167347,-0.00056643,-8.03e-05,1012.620117,2.779794931,-52.04468536,-37.99053955,35.11014557,0.975031078,-0.020262975,0.021820132,1631164910.0,3.1381053158040806,-13566.155771095402
0.001062517,0.002182424,0.000530427,1012.626221,2.97340703,-52.13302994,-37.9835968,35.11014557,0.97381264,-0.019780524,0.024487037,1631164910.0,2.9926830833509235,-13497.324060178331
0.000451743,0.000654921,-8.04e-05,1012.626953,3.077902794,-52.19983292,-38.18769455,35.05507278,0.974056304,-0.020504201,0.021577686,1631164910.0,2.8900559693730363,-13430.85277288275
0.000146376,-0.001482621,-0.000996565,1012.624023,3.052028656,-52.38541794,-37.92527008,35.16522217,0.97381264,-0.01881562,0.021092795,1631164910.0,2.7224145758972673,-13368.237237637113
0.000757204,-0.002704486,-0.000385681,1012.624756,3.428885698,-52.2988472,-37.94524765,35.16522217,0.974543691,-0.019780524,0.022305025,1631164910.0,2.7299875321205556,-13305.44752439834
-0.000770047,0.000349954,0.00053056,1012.635742,2.797137737,-52.3478508,-38.01099777,35.20193481,0.976736963,-0.019780524,0.022547469,1631164910.0,3.2332836405969667,-13231.08200066461
-0.000464702,0.002487481,0.002057716,1012.641602,3.142160416,-52.60139465,-37.96380234,35.22029114,0.974056304,-0.019539297,0.022547469,1631164911.0,3.1266960685392458,-13156.041295019668
0.001062501,0.000349618,-0.000691054,1012.637207,2.94197607,-52.35503387,-38.10355377,35.03671646,0.975031078,-0.019780524,0.024729483,1631164911.0,3.263012093300101,-13077.729004780465
-0.000464596,-0.00026118,0.000530723,1012.638428,2.840467215,-52.24735641,-38.02191544,35.22029114,0.975274801,-0.020262975,0.022547469,1631164911.0,3.4465491514913507,-12995.011825144673
0.000757123,-0.003620848,0.001752319,1012.641357,2.907778502,-52.29111862,-38.10329056,35.12850571,0.974787354,-0.019056847,0.022789916,1631164911.0,3.511020070811428,-12910.747343445199
0.000146401,-0.002704173,-0.000385791,1012.63623,2.697166443,-51.87162399,-38.17546463,35.12850571,0.974543691,-0.020262975,0.0237597,1631164911.0,3.529341632195673,-12826.043144272502
0.001978806,0.000655346,0.000530399,1012.62207,1.914297342,-52.0235405,-38.14913177,35.12850571,0.975518465,-0.019539297,0.023517253,1631164911.0,3.772113045731198,-12735.512431174953
0.00136775,0.002792865,0.001140902,1012.627686,2.91856432,-52.24383545,-38.07718658,35.20193481,0.975274801,-0.019539297,0.023274807,1631164911.0,3.9561957508093997,-12640.563733155528
0.000756745,-0.006369479,-0.000386165,1012.620361,3.349687576,-51.97222519,-38.22847366,35.12850571,0.976249576,-0.020504201,0.021820132,1631164911.0,4.366341602656578,-12535.77153469177
-0.001075631,-0.002398998,-0.001302261,1012.622803,3.329213381,-51.92803955,-38.36418533,35.14686203,0.97722435,-0.02002175,0.022789916,1631164911.0,5.008656048315725,-12415.563789532192
0.000757082,0.000349477,0.000835633,1012.61499,2.843880653,-52.04643631,-38.26042175,35.07343292,0.973081529,-0.019056847,0.0237597,1631164911.0,4.677288099180176,-12303.308875151868
-0.000159252,-0.003620781,-0.001607602,1012.607666,2.842185497,-52.37297058,-38.52950668,35.09178925,0.976736963,-0.020986654,0.020850349,1631164911.0,5.199518509178332,-12178.520430931589
-0.000159443,-0.00087218,-0.000385905,1012.613525,2.829505205,-52.40673065,-38.49250031,35.18357849,0.975518465,-0.020262975,0.023274807,1631164911.0,5.444395070314315,-12047.854949244045
0.001367451,-0.003620803,0.000835821,1012.61499,3.370025396,-52.25585556,-38.32720566,35.07343292,0.973325253,-0.019539297,0.025214376,1631164911.0,5.181221030934931,-11923.505644501607
-0.000159774,-0.001176789,-0.000996782,1012.615234,3.645459652,-52.14151764,-38.18840408,35.18357849,0.974787354,-0.019780524,0.021577686,1631164912.0,5.245150608300606,-11792.376879294092
0.000145571,-0.001482382,-0.000691354,1012.622559,3.226043463,-52.20406723,-38.25819778,35.12850571,0.975762188,-0.019539297,0.024244592,1631164912.0,5.562122850685283,-11653.32380802696
0.000756425,0.000350073,0.000224991,1012.622314,3.337552547,-52.10306931,-38.13286972,35.12850571,0.976249576,-0.020745426,0.024244592,1631164912.0,6.0046232788511045,-11503.208226055682
0.000145369,0.000655569,-0.000996489,1012.624756,2.452091217,-52.10225296,-38.1335907,35.12850571,0.976736963,-0.019298071,0.022547469,1631164912.0,6.549319193689989,-11339.475246213431
-0.000465481,-0.000871651,-0.000996392,1012.620117,2.674969673,-51.93914413,-38.35245895,35.14686203,0.977711737,-0.018574392,0.022305025,1631164912.0,7.328089151826979,-11156.273017417756
-0.000465543,0.00096073,0.001141427,1012.614014,3.438298702,-51.77564621,-38.3842659,35.18357849,0.974056304,-0.019539297,0.023032364,1631164912.0,7.219840534013915,-10975.777004067408
0.001672114,-0.0008718,0.00083591,1012.615479,2.943980694,-51.9634819,-38.20071793,35.14686203,0.974056304,-0.018574392,0.023032364,1631164912.0,7.106965894306815,-10798.102856709736
-0.000160672,0.000350021,0.001141159,1012.614746,3.231814861,-51.91083908,-38.14799881,35.14686203,0.973568916,-0.020262975,0.022305025,1631164912.0,6.878758620401744,-10626.133891199694
-0.000160682,-0.00026086,-0.000385908,1012.617188,2.93503809,-52.05731583,-37.95775986,35.18357849,0.975518465,-0.020262975,0.022305025,1631164912.0,7.12828662185146,-10447.926725653408
0.00075545,0.002793089,-0.000996625,1012.61792,3.157892704,-52.02897644,-38.00929642,35.22029114,0.976493299,-0.01881562,0.022062579,1631164912.0,7.608250438242407,-10257.720464697348
0.000755286,-0.000566557,0.001141399,1012.621582,2.967025042,-51.93312836,-37.98313904,35.07343292,0.976005912,-0.019780524,0.024002146,1631164912.0,7.984667478642038,-10058.103777731298
-0.000161099,0.00065545,-0.001912754,1012.626465,3.091671944,-52.01737213,-37.99531937,35.18357849,0.976249576,-0.020986654,0.022789916,1631164912.0,8.419844587366924,-9847.607663047125
-0.000161213,-0.000260755,-0.001301739,1012.619873,3.447529316,-52.35050201,-38.0723381,35.18357849,0.976005912,-0.020504201,0.022789916,1631164912.0,8.792800707181446,-9627.787645367589
0.001671192,0.000960708,-0.000690779,1012.629395,3.249431133,-52.40192032,-38.038517,35.09178925,0.975762188,-0.019298071,0.022789916,1631164912.0,9.100005296212368,-9400.287512962279
0.000754704,0.002487704,0.000530973,1012.634033,2.703929901,-52.23136902,-38.07165527,35.11014557,0.976249576,-0.019056847,0.023032364,1631164913.0,9.543953111064218,-9152.14473207461
0.000449261,-0.001177557,0.000225535,1012.630615,3.061566114,-52.10136032,-38.09143066,35.23865128,0.976005912,-0.020504201,0.022062579,1631164913.0,9.927568320582532,-8894.027955739464
0.000449174,-0.000872567,-0.000996022,1012.630615,2.383774996,-51.99477768,-38.18873215,35.12850571,0.976736963,-0.019780524,0.023517253,1631164913.0,10.502339755250194,-8620.967122102958
0.000143679,0.000960015,0.000531394,1012.625488,2.518288851,-51.96767044,-38.1271286,35.12850571,0.978199124,-0.020504201,0.021577686,1631164913.0,11.442142543197775,-8323.471415979817
0.002281388,-0.001483127,-7.93e-05,1012.619385,3.073495388,-51.94670105,-38.11418533,35.12850571,0.976736963,-0.020986654,0.021820132,1631164913.0,12.013290798075172,-8011.125855229862
-0.001078175,4.43e-05,-7.92e-05,1012.619873,3.295050859,-52.15002823,-38.16187668,35.16522217,0.975518465,-0.019539297,0.0237597,1631164913.0,12.277790364430167,-7691.903305754678
-0.000467398,-0.000871845,-0.000384459,1012.61377,3.524548769,-52.12965393,-38.38521194,35.11014557,0.973081529,-0.019539297,0.022305025,1631164913.0,11.912471914130442,-7382.179035987286
0.000143431,0.000960559,0.001142493,1012.610107,3.294446945,-52.39121628,-38.41541672,35.05507278,0.976005912,-0.020986654,0.022305025,1631164913.0,12.300104913712415,-7062.376308230763
-0.000162089,0.000349887,-7.94e-05,1012.608154,3.361770153,-52.0841713,-38.39607239,35.05507278,0.974787354,-0.019780524,0.022789916,1631164913.0,12.37362245012056,-6740.662124527628
0.001059477,4.46e-05,-7.94e-05,1012.607666,3.044546843,-52.08017731,-38.37774658,35.07343292,0.976249576,-0.020262975,0.02133524,1631164913.0,12.813932119080256,-6407.499889431541
0.002281094,-0.000871979,-0.000690095,1012.60376,3.301344872,-51.96562195,-38.33605576,35.14686203,0.974787354,-0.02002175,0.022062579,1631164913.0,12.88444023373846,-6072.504443354342
-0.000467989,-0.000261307,-0.000689793,1012.607666,3.486515284,-51.91724777,-38.06867218,35.01835632,0.976005912,-0.02002175,0.022305025,1631164913.0,13.266907174423958,-5727.564856819319
0.000753679,-0.000871696,0.000531957,1012.60791,3.332504511,-52.00859833,-38.12462997,35.16522217,0.974543691,-0.018091943,0.023517253,1631164913.0,13.274369078697331,-5382.431260773188
-0.001078798,0.000655301,-7.87e-05,1012.61084,3.516245127,-52.25542831,-38.06241989,35.11014557,0.975031078,-0.01881562,0.022547469,1631164914.0,13.4086703563596,-5020.397161151479
0.000754069,0.000349939,-0.000689581,1012.608887,3.170454979,-52.33818817,-38.00588989,35.18357849,0.976249576,-0.018574392,0.024002146,1631164914.0,13.87341488983551,-4645.81495912592
-0.001078691,0.000654995,0.000532119,1012.616211,3.79904294,-52.00463104,-38.0519371,35.09178925,0.974056304,-0.020262975,0.022547469,1631164914.0,13.757416932882744,-4274.364701938086
-0.001689387,-0.001788296,0.001142927,1012.616943,4.057246685,-51.93131638,-38.05592346,35.23865128,0.974056304,-0.020745426,0.021577686,1631164914.0,13.638293414140206,-3906.1307797563004
0.001670259,0.001265764,-0.000689676,1012.612549,3.861894131,-51.98700714,-38.14942551,35.27536774,0.97381264,-0.020504201,0.022062579,1631164914.0,13.456206431769122,-3542.813206098534
0.000448673,0.00370878,-0.000995114,1012.613281,4.108757496,-52.64326859,-38.11967468,35.18357849,0.975762188,-0.019539297,0.023274807,1631164914.0,13.792287013709386,-3170.4214567283807
0.000754095,-0.001483381,0.000226688,1012.612305,3.706285238,-52.16189575,-38.0381546,35.18357849,0.974787354,-0.019780524,0.023517253,1631164914.0,13.8732042571195,-2795.8449417861543
0.000753905,-0.002094224,0.000837574,1012.612549,2.813076019,-52.13885117,-38.01753235,35.07343292,0.974543691,-0.021469103,0.022789916,1631164914.0,13.89452085879491,-2420.6928785986915
-0.00016248,0.004624791,0.000532288,1012.614258,2.905428171,-52.16334534,-38.0008316,35.22029114,0.976493299,-0.019539297,0.024002146,1631164914.0,14.428750631898732,-2031.1166115374258
-0.000467718,0.000959307,-0.000689168,1012.616699,3.281568766,-52.3098793,-38.25809097,35.18357849,0.973568916,-0.020262975,0.021577686,1631164914.0,14.177948534051179,-1648.312001118044
-0.001383718,0.000348151,-0.000689225,1012.61377,3.435502529,-52.2378273,-38.17150497,35.23865128,0.975518465,-0.02002175,0.023274807,1631164914.0,14.452116513050813,-1258.104855265672
0.001059733,-0.000873536,-0.000689026,1012.622314,3.597314119,-52.33146667,-38.09723282,35.18357849,0.974299967,-0.020262975,0.022789916,1631164914.0,14.402097196837744,-869.2482309510531
0.003502824,-0.000567891,-7.81e-05,1012.631348,3.526426315,-52.37251282,-38.36182022,35.20193481,0.976005912,-0.019298071,0.023517253,1631164914.0,14.802947542101451,-469.56864731431386
0.000448334,0.000348248,-0.000688884,1012.644287,3.373997688,-52.28561783,-38.09523392,35.22029114,0.973081529,-0.020504201,0.022305025,1631164914.0,14.428832688039776,-79.99016473723992
0.000448016,-0.002095096,0.000227461,1012.647217,3.764104366,-51.74092102,-38.07500458,35.12850571,0.975762188,-0.020504201,0.02133524,1631164915.0,14.770626148359066,333.5873674168139
-0.00046819,0.001264654,-0.001604807,1012.651123,3.517034054,-51.99322128,-38.05493546,35.12850571,0.974787354,-0.019780524,0.022062579,1631164915.0,14.845206298826632,749.2531437839596
0.001975287,0.001875408,-0.000688337,1012.648682,3.314228773,-52.21595001,-37.96623993,35.12850571,0.973568916,-0.020262975,0.023032364,1631164915.0,14.594262125881919,1157.8924833086533
0.000142731,0.001569755,0.000533439,1012.653564,3.921808004,-52.21842575,-37.93215561,35.11014557,0.97381264,-0.021710331,0.023274807,1631164915.0,14.42035049621656,1561.662297202717
-0.000468247,0.000348024,-0.000382943,1012.653076,3.534106016,-52.10781097,-38.20452499,35.14686203,0.972837806,-0.019539297,0.023517253,1631164915.0,13.967874114555649,1952.762772410275
-0.000773613,-0.00301116,0.000227943,1012.650879,3.323465109,-51.98779678,-38.0956192,35.12850571,0.975031078,-0.020745426,0.022547469,1631164915.0,14.117894504806415,2348.0638185448547
0.001975219,0.001570471,-0.000688311,1012.648438,3.246659279,-51.89558029,-37.9767189,35.18357849,0.974787354,-0.021227879,0.021577686,1631164915.0,14.197851358498323,2745.6036565828076
0.000753427,-0.00239978,-0.001909817,1012.646484,3.407105923,-52.21096039,-38.13648224,35.2570076,0.976249576,-0.020745426,0.023274807,1631164915.0,14.686974334772689,3156.838937956443
-0.000773669,-0.003010675,-0.000382457,1012.644531,3.387556791,-51.88715744,-37.94472122,35.20193481,0.975518465,-0.018333169,0.024002146,1631164915.0,14.967023265090674,3575.9155893789816
0.000142516,0.001875989,0.000839269,1012.644775,3.368929148,-51.96727753,-38.25016403,35.22029114,0.976249576,-0.020745426,0.021577686,1631164915.0,15.445446468926308,4008.388090508918
-0.000773715,-0.003315963,0.000228526,1012.644287,3.89958334,-51.80776596,-38.22131348,35.20193481,0.975031078,-0.020745426,0.02133524,1631164915.0,15.58797999242794,4444.851530296901
0.001364123,0.001570582,0.000228368,1012.642334,3.857582808,-51.87253571,-38.1757431,35.23865128,0.974056304,-0.01881562,0.023032364,1631164915.0,15.462831106570805,4877.810801280883
-0.000468534,0.000959456,0.000533847,1012.636963,4.109367371,-51.90387726,-38.33685303,35.23865128,0.97722435,-0.020504201,0.02133524,1631164915.0,16.205929861363394,5331.576837399059
-0.001690275,0.000653908,-0.001298599,1012.637207,3.733923435,-52.01098251,-38.14094925,35.14686203,0.976736963,-0.020504201,0.020123012,1631164916.0,16.829708722223398,5819.638390343537
0.000142465,0.000654101,-0.000992969,1012.63916,3.62438035,-52.27886963,-38.19620514,35.20193481,0.974543691,-0.020262975,0.023517253,1631164916.0,16.850175676454498,6308.293484960717
-0.001079096,-0.000567235,0.000839621,1012.635986,3.383637428,-52.33338547,-38.20967865,35.27536774,0.97381264,-0.01881562,0.023032364,1631164916.0,16.651293174804174,6791.1809870300385
0.001058948,0.000654206,-7.66e-05,1012.631592,3.460763693,-52.44170761,-38.3104248,35.22029114,0.976249576,-0.019056847,0.023274807,1631164916.0,17.148100222470415,7288.475893481681
-0.000162767,-0.000873066,0.000228796,1012.623047,2.947563648,-52.01182175,-38.43151093,35.23865128,0.974543691,-0.021227879,0.021577686,1631164916.0,17.161650055846724,7786.163745101236
0.001364283,4.33e-05,-0.000687407,1012.61377,3.315202713,-52.01118088,-38.54201126,35.22029114,0.975762188,-0.020986654,0.022789916,1631164916.0,17.527915617891473,8294.473298020088
0.000142721,-0.000261992,-0.000687363,1012.61377,3.092519045,-52.07931519,-38.40623093,35.20193481,0.974787354,-0.020986654,0.021577686,1631164916.0,17.609243317874835,8805.141354238458
0.000142634,-0.000872865,-7.65e-05,1012.61084,2.367049932,-51.96520615,-38.32898712,35.07343292,0.976005912,-0.018574392,0.023517253,1631164916.0,18.035795131714814,9328.179413058187
